{"initial_reset_timestamp": 1603198497.5099812, "timestamps": [1603198522.1749744, 1603198540.3793893, 1603198553.8852918, 1603198567.3877118, 1603198576.358428, 1603198582.8023248, 1603198594.1740708, 1603198602.737064, 1603198616.7590039, 1603198621.3889153, 1603198632.3269472, 1603198642.5899246, 1603198657.6702363, 1603198667.557381, 1603198676.1437683, 1603198687.5254192, 1603198692.8675158, 1603198711.915182, 1603198723.9339437, 1603198743.703744, 1603198751.7352786, 1603198759.0995085, 1603198771.9914298, 1603198782.448336, 1603198797.0542123, 1603198805.2099888, 1603198821.3247461, 1603198836.0622604, 1603198852.2219281, 1603198862.6920137, 1603198877.5433362, 1603198888.8720615, 1603198901.606692, 1603198914.3194938, 1603198930.2408113, 1603198952.3162491, 1603198968.584942, 1603198979.7928317, 1603198993.6556706, 1603199008.3939211, 1603199019.2323027, 1603199034.1672566, 1603199045.2846901, 1603199063.272612, 1603199076.8878922, 1603199092.321659, 1603199103.7543516, 1603199112.392492, 1603199130.3067522, 1603199136.4393587, 1603199148.032443, 1603199152.932171, 1603199162.682519, 1603199179.202658, 1603199186.6708558, 1603199199.8500524, 1603199217.9453263, 1603199231.5226114, 1603199242.524266, 1603199251.1547694, 1603199256.9515655, 1603199263.4970624, 1603199274.732971, 1603199285.7700298, 1603199308.9126523, 1603199320.3712752, 1603199327.7268865, 1603199348.897125, 1603199362.8241687, 1603199376.3469727, 1603199398.2897525, 1603199411.781088, 1603199427.6461127, 1603199441.039673, 1603199452.0901692, 1603199460.9222121, 1603199475.861223, 1603199493.188686, 1603199505.059087, 1603199519.1148434, 1603199529.8627906, 1603199547.924308, 1603199556.1688688, 1603199567.6002305, 1603199577.7682123, 1603199596.2909822, 1603199616.1703937, 1603199627.8592393, 1603199642.537403, 1603199662.4280703, 1603199685.446709, 1603199704.2882648, 1603199714.009568, 1603199736.22712, 1603199745.166628, 1603199755.9909325, 1603199773.1189508, 1603199785.4045959, 1603199795.3900127, 1603199807.0837212], "episode_lengths": [6291, 4619, 5484, 5629, 3870, 3493, 6407, 4648, 4300, 2280, 5513, 5286, 8224, 5339, 4160, 5687, 2889, 8282, 4822, 8456, 3406, 3121, 5513, 4445, 6320, 3406, 6900, 3957, 6697, 3928, 5571, 4706, 5426, 5426, 6726, 9060, 6668, 4677, 5890, 6320, 4648, 6407, 4735, 7562, 5687, 6494, 4793, 3580, 7620, 2512, 4358, 1995, 4073, 6697, 2889, 4590, 7185, 5368, 4590, 4648, 3150, 3551, 5687, 5426, 7301, 6262, 3928, 8915, 5571, 5513, 9234, 5571, 6610, 5658, 4706, 3725, 6291, 7301, 4909, 5716, 4532, 7446, 3522, 4938, 4271, 7272, 7417, 4329, 5571, 7475, 8485, 7301, 3609, 8485, 3638, 4218, 6378, 4619, 4044, 4561], "episode_rewards": [1.0, 7.0, 10.0, 4.0, 6.0, 18.0, 11.0, 13.0, 11.0, 13.0, 6.0, 7.0, 11.0, 8.0, 8.0, 10.0, 5.0, 3.0, 3.0, 7.0, 10.0, 7.0, 4.0, 5.0, 9.0, 8.0, 1.0, 8.0, 5.0, 4.0, 12.0, 11.0, 8.0, 8.0, 9.0, 8.0, 7.0, 7.0, 10.0, 5.0, 7.0, 9.0, 11.0, 6.0, 6.0, 7.0, -1.0, 8.0, 4.0, 13.0, 9.0, 10.0, 0.0, 9.0, 9.0, 15.0, 8.0, 6.0, 5.0, 13.0, 9.0, 14.0, 10.0, 0.0, 8.0, 13.0, 10.0, 8.0, 6.0, 10.0, 8.0, 14.0, 11.0, 10.0, 5.0, 14.0, 7.0, 10.0, 1.0, 4.0, 11.0, 10.0, 12.0, 5.0, 9.0, 6.0, 12.0, 9.0, 6.0, 8.0, 1.0, 2.0, 10.0, 9.0, 10.0, 4.0, 7.0, 13.0, 8.0, 7.0], "episode_types": ["t", "t", "t", "t", "t", "t", "t", "t", "t", "t", "t", "t", "t", "t", "t", "t", "t", "t", "t", "t", "t", "t", "t", "t", "t", "t", "t", "t", "t", "t", "t", "t", "t", "t", "t", "t", "t", "t", "t", "t", "t", "t", "t", "t", "t", "t", "t", "t", "t", "t", "t", "t", "t", "t", "t", "t", "t", "t", "t", "t", "t", "t", "t", "t", "t", "t", "t", "t", "t", "t", "t", "t", "t", "t", "t", "t", "t", "t", "t", "t", "t", "t", "t", "t", "t", "t", "t", "t", "t", "t", "t", "t", "t", "t", "t", "t", "t", "t", "t", "t"]}