{"initial_reset_timestamp": 1603201461.835402, "timestamps": [1603201466.5075095, 1603201470.9110904, 1603201473.599638, 1603201476.276895, 1603201478.5861108, 1603201480.856533, 1603201483.3440204, 1603201485.8961308, 1603201489.2035003, 1603201491.2858477, 1603201493.743575, 1603201495.8478005, 1603201497.926177, 1603201500.260652, 1603201502.9688983, 1603201505.3346684, 1603201507.5478587, 1603201509.762654, 1603201511.8126798, 1603201514.0914726, 1603201516.8433087, 1603201518.8820786, 1603201521.3356106, 1603201523.7912033, 1603201526.3332086, 1603201528.627781, 1603201531.2869108, 1603201535.5207293], "episode_lengths": [1299, 1341, 1357, 1241, 1241, 1212, 1328, 1357, 1038, 1090, 1289, 1107, 1125, 1241, 1441, 1270, 1212, 1241, 1154, 1212, 1427, 1067, 1290, 1299, 1154, 1270, 1183, 1299], "episode_rewards": [6.0, 14.0, 10.0, 10.0, 2.0, 6.0, 6.0, 6.0, 8.0, 14.0, 18.0, 8.0, 6.0, 10.0, 6.0, 8.0, 14.0, 2.0, 10.0, 12.0, 8.0, 14.0, 4.0, 8.0, 10.0, 8.0, 16.0, 14.0], "episode_types": ["t", "t", "t", "t", "t", "t", "t", "t", "t", "t", "t", "t", "t", "t", "t", "t", "t", "t", "t", "t", "t", "t", "t", "t", "t", "t", "t", "t", "t"]}