{"initial_reset_timestamp": 1603267188.737526, "timestamps": [1603267202.7632287, 1603267215.847698, 1603267226.49393, 1603267233.9951682, 1603267240.2014043, 1603267250.799443, 1603267261.0268774, 1603267268.6881106, 1603267290.4246197, 1603267298.5154843, 1603267308.0324008, 1603267321.611489, 1603267333.4454825, 1603267336.0284364, 1603267344.431392, 1603267350.1456347, 1603267354.0980744, 1603267362.4505796, 1603267371.9484432, 1603267376.2621236, 1603267381.6965647, 1603267388.887117, 1603267399.4432235, 1603267405.5300384, 1603267415.8939877, 1603267422.09503, 1603267430.0093634, 1603267442.677697, 1603267452.8906965, 1603267460.8395016, 1603267467.1821299, 1603267475.9143553, 1603267481.040362, 1603267490.1150768, 1603267501.0982049, 1603267509.87927, 1603267517.4319358, 1603267525.321246, 1603267531.1518602, 1603267541.768126, 1603267556.2649267, 1603267563.6434274, 1603267568.5009089, 1603267572.3914473, 1603267584.4249809, 1603267591.7912138, 1603267602.0905926, 1603267607.7726965, 1603267616.2981503, 1603267623.6361027, 1603267630.9182796, 1603267639.5061345, 1603267652.5098765, 1603267658.271663, 1603267671.4892192, 1603267681.762293, 1603267694.229563, 1603267703.4808836, 1603267706.648042, 1603267713.7498765, 1603267722.8210506, 1603267731.9215496, 1603267740.8512905, 1603267747.800352, 1603267757.7291758, 1603267762.4561567, 1603267772.5449955, 1603267782.0347126, 1603267787.9667945, 1603267798.269379, 1603267811.518506, 1603267823.4714322, 1603267832.1622827, 1603267837.506058, 1603267842.0892625, 1603267850.4761128, 1603267858.1141272, 1603267866.9933584, 1603267873.0313752, 1603267880.6950595, 1603267887.9849901, 1603267894.160072, 1603267904.3974261, 1603267916.3900282, 1603267927.24945, 1603267929.877032, 1603267937.456246, 1603267949.8327062, 1603267964.8946264, 1603267983.0693383, 1603267999.9138296, 1603268010.878984, 1603268019.7529635, 1603268027.3321795, 1603268033.5449812, 1603268045.7767801, 1603268050.3981242, 1603268055.2337074, 1603268061.2215683, 1603268067.6891026], "episode_lengths": [4822, 4735, 6494, 4532, 3580, 6523, 6088, 4793, 7963, 4909, 5832, 8224, 7272, 1589, 5310, 3580, 2483, 5339, 5861, 2715, 3464, 4474, 6117, 3667, 6088, 3696, 4793, 4648, 6059, 4880, 3928, 5310, 3063, 5455, 6639, 5107, 4735, 4822, 3406, 5571, 8514, 4503, 2918, 2280, 7359, 4387, 6320, 3493, 5397, 4561, 4503, 5368, 8195, 3522, 8195, 6059, 7446, 5716, 1937, 4242, 5310, 5513, 5281, 4242, 3493, 2947, 6291, 5716, 3609, 6175, 8282, 7388, 5339, 3116, 2744, 5339, 4561, 5455, 3667, 4590, 4532, 3812, 6204, 7127, 6639, 1531, 4445, 7359, 9205, 10790, 10099, 6581, 5397, 4503, 3783, 7040, 2715, 2918, 3609, 4015], "episode_rewards": [9.0, 3.0, 5.0, 15.0, 8.0, 5.0, 7.0, 7.0, 9.0, 3.0, 8.0, 3.0, 10.0, 10.0, 6.0, 8.0, 7.0, 4.0, 6.0, 7.0, 8.0, 9.0, 5.0, 10.0, 3.0, 4.0, 9.0, 9.0, 9.0, 11.0, 10.0, 12.0, 9.0, 8.0, 9.0, 16.0, 7.0, 11.0, 8.0, 14.0, 5.0, 3.0, 9.0, 13.0, 4.0, 13.0, 11.0, 10.0, 2.0, 7.0, 11.0, 12.0, 1.0, 10.0, 7.0, 5.0, 8.0, 6.0, 16.0, 11.0, 8.0, 0.0, 4.0, 7.0, 10.0, 13.0, 9.0, 8.0, 6.0, 1.0, 5.0, 2.0, 8.0, 14.0, 13.0, 2.0, 3.0, 8.0, 4.0, 13.0, 3.0, 14.0, 7.0, 8.0, 3.0, 12.0, 9.0, 6.0, 8.0, -2.0, 3.0, 7.0, 10.0, 9.0, 2.0, 0.0, 11.0, 5.0, 8.0, 4.0], "episode_types": ["t", "t", "t", "t", "t", "t", "t", "t", "t", "t", "t", "t", "t", "t", "t", "t", "t", "t", "t", "t", "t", "t", "t", "t", "t", "t", "t", "t", "t", "t", "t", "t", "t", "t", "t", "t", "t", "t", "t", "t", "t", "t", "t", "t", "t", "t", "t", "t", "t", "t", "t", "t", "t", "t", "t", "t", "t", "t", "t", "t", "t", "t", "t", "t", "t", "t", "t", "t", "t", "t", "t", "t", "t", "t", "t", "t", "t", "t", "t", "t", "t", "t", "t", "t", "t", "t", "t", "t", "t", "t", "t", "t", "t", "t", "t", "t", "t", "t", "t", "t"]}