{"initial_reset_timestamp": 1603199333.6810994, "timestamps": [1603199346.29792, 1603199356.3556948, 1603199363.7187192, 1603199371.9886487, 1603199380.8402236, 1603199388.2859979, 1603199396.9568017, 1603199404.9631698, 1603199416.0073655, 1603199424.4045916, 1603199432.350924, 1603199439.956398, 1603199447.4851913, 1603199455.2751443, 1603199462.924385, 1603199471.6840136, 1603199480.1712003, 1603199487.8119256, 1603199496.3189092, 1603199503.6196208, 1603199511.3614075, 1603199520.2491205, 1603199527.6575866, 1603199535.414765, 1603199544.5679555, 1603199552.3761206, 1603199560.4492264, 1603199570.1480098, 1603199577.8609643, 1603199585.4969664, 1603199594.7586753, 1603199603.5683079, 1603199612.9523435, 1603199621.2579615, 1603199630.105067, 1603199640.0090609, 1603199649.5582788, 1603199657.5750575, 1603199666.8059871, 1603199675.7857869, 1603199684.747449, 1603199693.2536745, 1603199701.9440103, 1603199711.7652066, 1603199719.9744644, 1603199728.7110355, 1603199738.6832254, 1603199746.2700312, 1603199755.1156695, 1603199763.1807067, 1603199772.4325051, 1603199781.2898018, 1603199790.6122224, 1603199797.314749, 1603199806.5312, 1603199813.119558, 1603199820.0483203, 1603199826.6936736, 1603199834.4334767, 1603199841.0878332, 1603199847.989568, 1603199854.647426, 1603199861.884897, 1603199868.7078125, 1603199877.4706678, 1603199884.3618722, 1603199890.333601, 1603199896.9124987, 1603199903.974987, 1603199910.2512238, 1603199916.4350533, 1603199922.3196554, 1603199929.0876505, 1603199934.544204, 1603199940.4983242, 1603199946.2785964, 1603199951.8852618, 1603199958.5812478, 1603199966.0712147, 1603199974.3109198, 1603199982.5136006, 1603199990.5414286, 1603199998.9801528, 1603200007.302814, 1603200016.4173477, 1603200024.779122, 1603200033.5994544, 1603200042.5576222, 1603200050.831765, 1603200060.025694, 1603200067.8354025, 1603200077.04086, 1603200085.7339041, 1603200094.9891248, 1603200104.09818, 1603200112.4301047, 1603200120.3589976, 1603200129.1325998, 1603200137.4076178, 1603200146.260586], "episode_lengths": [1879, 1647, 1560, 1763, 1937, 1647, 1937, 1792, 1850, 1821, 1763, 1676, 1676, 1734, 1676, 1908, 1879, 1676, 1850, 1618, 1705, 1850, 1647, 1705, 1908, 1763, 1821, 1676, 1676, 1676, 1821, 1647, 1879, 1734, 1734, 1937, 1908, 1589, 1821, 1763, 1763, 1792, 1763, 1966, 1560, 1821, 2053, 1647, 1821, 1618, 1763, 1763, 1937, 1357, 1937, 1531, 1908, 1850, 2082, 1792, 1821, 1734, 1908, 1821, 1705, 1937, 1705, 1821, 1937, 1763, 1647, 1676, 1763, 1560, 1705, 1676, 1502, 1908, 1734, 1676, 1589, 1589, 1705, 1792, 1792, 1676, 1850, 1937, 1821, 1879, 1705, 1908, 1850, 1879, 1937, 1676, 1705, 1792, 1734, 1821], "episode_rewards": [8.0, 10.0, 12.0, 16.0, 18.0, 10.0, 14.0, 14.0, 12.0, 2.0, 12.0, 8.0, 10.0, 12.0, 2.0, 12.0, 6.0, 14.0, 8.0, 10.0, 12.0, 10.0, 6.0, 4.0, 12.0, 14.0, 10.0, 12.0, 12.0, 8.0, 12.0, 12.0, 0.0, 12.0, 8.0, 14.0, 8.0, 10.0, 6.0, 10.0, 16.0, 16.0, 14.0, 6.0, 14.0, 14.0, 12.0, 6.0, 14.0, 8.0, 16.0, 10.0, 10.0, 10.0, 12.0, 8.0, 10.0, 12.0, 14.0, 12.0, 14.0, 14.0, 10.0, 12.0, 12.0, 12.0, 6.0, 8.0, 14.0, 8.0, 8.0, 8.0, 2.0, 10.0, 10.0, 12.0, 6.0, 2.0, 14.0, 12.0, 4.0, 16.0, 10.0, 8.0, 4.0, 12.0, 10.0, 6.0, 6.0, 14.0, 6.0, 6.0, 14.0, 10.0, 8.0, 12.0, 12.0, 6.0, 8.0, 12.0], "episode_types": ["t", "t", "t", "t", "t", "t", "t", "t", "t", "t", "t", "t", "t", "t", "t", "t", "t", "t", "t", "t", "t", "t", "t", "t", "t", "t", "t", "t", "t", "t", "t", "t", "t", "t", "t", "t", "t", "t", "t", "t", "t", "t", "t", "t", "t", "t", "t", "t", "t", "t", "t", "t", "t", "t", "t", "t", "t", "t", "t", "t", "t", "t", "t", "t", "t", "t", "t", "t", "t", "t", "t", "t", "t", "t", "t", "t", "t", "t", "t", "t", "t", "t", "t", "t", "t", "t", "t", "t", "t", "t", "t", "t", "t", "t", "t", "t", "t", "t", "t", "t"]}