{"initial_reset_timestamp": 1603198699.1756372, "timestamps": [1603198708.2102647, 1603198715.670913, 1603198721.0254915, 1603198725.8847194, 1603198731.1620028, 1603198736.2687352, 1603198741.0308564, 1603198746.2092886, 1603198753.6004152, 1603198758.6766677, 1603198764.2764602, 1603198769.3606164, 1603198774.4961276, 1603198779.8333173, 1603198784.4996412, 1603198789.394391, 1603198794.2871115, 1603198799.0831912, 1603198803.9655492, 1603198808.9646316, 1603198813.8980415, 1603198819.0152304, 1603198824.510925, 1603198829.6743538, 1603198835.552623, 1603198841.2691615, 1603198846.9074578, 1603198853.2578585, 1603198858.8097308, 1603198864.9144742, 1603198870.7395558, 1603198877.1453996, 1603198882.4795778, 1603198887.7501378, 1603198893.188839, 1603198898.1637957, 1603198903.179513, 1603198908.2843885, 1603198913.8736863, 1603198918.8287063, 1603198923.6444433, 1603198928.3534715, 1603198933.6380258, 1603198939.2209086, 1603198944.3443859, 1603198949.8744783, 1603198955.3550446, 1603198960.8014033, 1603198965.7324753, 1603198971.1115105, 1603198976.44934, 1603198981.5403848, 1603198986.9749737, 1603198992.7033997, 1603198998.3656821, 1603199003.3345544, 1603199008.6369438, 1603199013.8246193, 1603199018.959384, 1603199024.3574333, 1603199029.4162714, 1603199034.4155924, 1603199039.3452418, 1603199044.8967278, 1603199052.2042186, 1603199058.0035932, 1603199063.1938205, 1603199068.0580578, 1603199073.4182448, 1603199078.8151925, 1603199083.810852, 1603199089.1706905, 1603199094.295684, 1603199099.1634033, 1603199104.2799706, 1603199109.9307175, 1603199115.3365235, 1603199120.745184, 1603199126.6161036, 1603199131.7040188, 1603199136.9585297, 1603199142.99459, 1603199148.6409528, 1603199153.975337, 1603199159.3512964, 1603199164.8582582, 1603199170.1033313, 1603199175.204346, 1603199181.1381247, 1603199187.0687914, 1603199193.1607013, 1603199199.0261621, 1603199204.64153, 1603199209.9246516, 1603199215.3018231, 1603199220.524173, 1603199226.211567, 1603199232.1758657, 1603199237.67897, 1603199242.876325], "episode_lengths": [1270, 1212, 1125, 1096, 1183, 1125, 1067, 1183, 1270, 1125, 1241, 1125, 1154, 1183, 1038, 1096, 1096, 1096, 1067, 1096, 1096, 1125, 1241, 1183, 1357, 1241, 1212, 1067, 1125, 1183, 1125, 1299, 1154, 1154, 1212, 1096, 1125, 1125, 1241, 1096, 1067, 1038, 1183, 1241, 1096, 1125, 1212, 1154, 1067, 1212, 1154, 1125, 1212, 1270, 1270, 1096, 1183, 1154, 1154, 1212, 1125, 1125, 1096, 1241, 1241, 1270, 1125, 1067, 1183, 1183, 1096, 1183, 1125, 1067, 1125, 1212, 1212, 1183, 1299, 1125, 1154, 1183, 1154, 1154, 1154, 1212, 1154, 1096, 1212, 1212, 1096, 1096, 1154, 1096, 1125, 1125, 1183, 1241, 1183, 1154], "episode_rewards": [6.0, 16.0, 4.0, 10.0, 16.0, 18.0, 12.0, 2.0, 16.0, 8.0, 14.0, 2.0, 10.0, 14.0, 8.0, 12.0, 6.0, 14.0, 14.0, 14.0, 14.0, 12.0, 10.0, 10.0, 14.0, 8.0, 16.0, 10.0, 14.0, 14.0, 10.0, 12.0, 10.0, 12.0, 10.0, 8.0, 14.0, 14.0, 10.0, 14.0, 12.0, 12.0, 14.0, 14.0, 10.0, 6.0, 16.0, 8.0, 12.0, 16.0, 10.0, 12.0, 16.0, 14.0, 14.0, 12.0, 14.0, 14.0, 8.0, 16.0, 8.0, 12.0, 10.0, 16.0, 16.0, 14.0, 10.0, 10.0, 12.0, 14.0, 16.0, 12.0, 12.0, 12.0, 8.0, 14.0, 14.0, 8.0, 12.0, 12.0, 12.0, 10.0, 6.0, 14.0, 8.0, 8.0, 14.0, 12.0, 18.0, 14.0, 2.0, 6.0, 6.0, 8.0, 12.0, 12.0, 16.0, 14.0, 12.0, 14.0], "episode_types": ["t", "t", "t", "t", "t", "t", "t", "t", "t", "t", "t", "t", "t", "t", "t", "t", "t", "t", "t", "t", "t", "t", "t", "t", "t", "t", "t", "t", "t", "t", "t", "t", "t", "t", "t", "t", "t", "t", "t", "t", "t", "t", "t", "t", "t", "t", "t", "t", "t", "t", "t", "t", "t", "t", "t", "t", "t", "t", "t", "t", "t", "t", "t", "t", "t", "t", "t", "t", "t", "t", "t", "t", "t", "t", "t", "t", "t", "t", "t", "t", "t", "t", "t", "t", "t", "t", "t", "t", "t", "t", "t", "t", "t", "t", "t", "t", "t", "t", "t", "t"]}