{"initial_reset_timestamp": 1603197871.28645, "timestamps": [1603197879.8769124, 1603197886.416718, 1603197891.3616948, 1603197897.568254, 1603197905.2577538, 1603197912.0291445, 1603197917.5295599, 1603197924.8325121, 1603197934.1927383, 1603197942.1331396, 1603197948.4324467, 1603197955.5497258, 1603197963.5555754, 1603197970.3075542, 1603197977.0953863, 1603197984.8134227, 1603197990.5833492, 1603197997.4005017, 1603198006.0519924, 1603198012.4398055, 1603198019.1539993, 1603198025.8295505, 1603198033.1011941, 1603198040.1963508, 1603198047.5769846, 1603198055.0262902, 1603198062.4651105, 1603198071.9642634, 1603198079.6810265, 1603198086.6724348, 1603198095.4078274, 1603198103.553841, 1603198111.416044, 1603198118.4251788, 1603198125.3730764, 1603198133.2808475, 1603198139.7888808, 1603198147.2718925, 1603198154.635789, 1603198162.1014163, 1603198169.0357876, 1603198176.019377, 1603198182.9654708, 1603198190.4930665, 1603198197.9558477, 1603198205.2465413, 1603198211.6689227, 1603198217.5360618, 1603198226.5343382, 1603198234.4664426, 1603198240.6400075, 1603198247.3486693, 1603198254.788838, 1603198262.463995, 1603198270.6692028, 1603198278.0643594, 1603198284.766629, 1603198293.2739174, 1603198299.7957547, 1603198306.7986357, 1603198314.4916964, 1603198322.7194612, 1603198330.3991416, 1603198339.2092981, 1603198348.3886957, 1603198355.289104, 1603198361.6575918, 1603198368.7812483, 1603198376.001764, 1603198382.7043817, 1603198390.0503323, 1603198396.7290194, 1603198402.972498, 1603198408.6114786, 1603198413.527796, 1603198419.9567895, 1603198425.815538, 1603198431.9689436, 1603198438.0804868, 1603198443.3845809, 1603198450.5285401, 1603198456.2223723, 1603198461.5174744, 1603198466.3123786, 1603198472.2822373, 1603198478.917095, 1603198484.6040635, 1603198489.1877565, 1603198495.34107, 1603198502.1507034, 1603198510.8164544, 1603198518.3495138, 1603198526.3267124, 1603198534.1235266, 1603198541.414621, 1603198549.8357239, 1603198557.638327, 1603198564.194495, 1603198570.8644567, 1603198577.2891262], "episode_lengths": [1560, 1328, 1444, 1560, 1676, 1502, 1154, 1560, 1560, 1618, 1386, 1560, 1734, 1444, 1502, 1676, 1270, 1502, 1908, 1386, 1444, 1444, 1560, 1502, 1560, 1618, 1560, 1560, 1676, 1502, 1792, 1734, 1676, 1502, 1502, 1734, 1386, 1618, 1618, 1676, 1560, 1560, 1502, 1676, 1560, 1618, 1444, 1328, 1908, 1618, 1328, 1444, 1618, 1676, 1792, 1618, 1444, 1792, 1444, 1386, 1676, 1734, 1618, 1908, 1502, 1502, 1386, 1502, 1502, 1618, 1676, 1502, 1444, 1618, 1328, 1734, 1618, 1676, 1734, 1328, 1792, 1560, 1444, 1386, 1560, 1792, 1618, 1328, 1618, 1502, 1966, 1618, 1618, 1676, 1560, 1792, 1618, 1444, 1502, 1444], "episode_rewards": [-2.0, -10.0, 4.0, 0.0, -2.0, 2.0, -8.0, -2.0, 2.0, 4.0, 0.0, 2.0, -2.0, 0.0, 4.0, -2.0, 0.0, 2.0, -2.0, 2.0, -2.0, 8.0, -4.0, 0.0, 2.0, -4.0, 0.0, -6.0, -6.0, 6.0, 2.0, -2.0, -2.0, 0.0, 0.0, -4.0, -2.0, -12.0, 8.0, -2.0, -4.0, 0.0, 0.0, -2.0, 4.0, 8.0, 4.0, 2.0, 8.0, -2.0, 6.0, 2.0, -2.0, -2.0, -4.0, -4.0, 8.0, -10.0, 4.0, 0.0, -2.0, -4.0, 12.0, -2.0, -6.0, -2.0, 2.0, -8.0, 8.0, 0.0, 2.0, 4.0, -4.0, 10.0, 2.0, -2.0, 2.0, 0.0, 4.0, 2.0, -8.0, -2.0, -2.0, 6.0, -4.0, 2.0, 4.0, 0.0, 2.0, 2.0, 4.0, 2.0, 0.0, 4.0, 4.0, 0.0, 2.0, -10.0, -8.0, -4.0], "episode_types": ["t", "t", "t", "t", "t", "t", "t", "t", "t", "t", "t", "t", "t", "t", "t", "t", "t", "t", "t", "t", "t", "t", "t", "t", "t", "t", "t", "t", "t", "t", "t", "t", "t", "t", "t", "t", "t", "t", "t", "t", "t", "t", "t", "t", "t", "t", "t", "t", "t", "t", "t", "t", "t", "t", "t", "t", "t", "t", "t", "t", "t", "t", "t", "t", "t", "t", "t", "t", "t", "t", "t", "t", "t", "t", "t", "t", "t", "t", "t", "t", "t", "t", "t", "t", "t", "t", "t", "t", "t", "t", "t", "t", "t", "t", "t", "t", "t", "t", "t", "t"]}