{"initial_reset_timestamp": 1603197896.374916, "timestamps": [1603197903.722329, 1603197910.5394442, 1603197915.198951, 1603197920.1422894, 1603197925.0529227, 1603197929.8921876, 1603197934.9335394, 1603197940.2206948, 1603197946.6170356, 1603197951.0647433, 1603197956.050696, 1603197961.321644, 1603197966.2427504, 1603197971.2877884, 1603197976.0996876, 1603197980.6226099, 1603197985.5989158, 1603197990.3140688, 1603197995.3950775, 1603198000.1875648, 1603198004.9146836, 1603198009.6841297, 1603198014.3273237, 1603198019.4391234, 1603198024.7431948, 1603198029.84228, 1603198034.9015644, 1603198041.9412117, 1603198047.1999931, 1603198052.1968338, 1603198056.8538084, 1603198061.6732273, 1603198066.5648072, 1603198071.6221793, 1603198076.2619913, 1603198080.8568895, 1603198085.8224685, 1603198090.9145799, 1603198095.9733145, 1603198101.4548862, 1603198106.1525512, 1603198111.0216289, 1603198115.8091795, 1603198120.942816, 1603198125.9595077, 1603198130.8872907, 1603198135.8729932, 1603198140.5768135, 1603198145.5345845, 1603198150.9021182, 1603198155.4040012, 1603198160.2454185, 1603198165.4672332, 1603198170.244908, 1603198174.6994689, 1603198179.6650693, 1603198184.8783352, 1603198189.4962232, 1603198194.7456179, 1603198199.9263995, 1603198204.8325584, 1603198209.237586, 1603198213.7998323, 1603198218.5286033, 1603198224.8886278, 1603198229.8359296, 1603198235.0964046, 1603198240.2221258, 1603198245.56071, 1603198250.1808112, 1603198255.044155, 1603198260.050955, 1603198264.7565062, 1603198269.7598486, 1603198274.5714676, 1603198279.3689508, 1603198284.3541458, 1603198289.9716697, 1603198294.5833952, 1603198299.445691, 1603198304.9698741, 1603198309.8148344, 1603198314.719088, 1603198320.158076, 1603198324.9969356, 1603198330.045088, 1603198335.2163131, 1603198340.5268946, 1603198345.787752, 1603198351.1873963, 1603198355.9229062, 1603198361.1935408, 1603198366.180024, 1603198371.0234702, 1603198375.870139, 1603198383.541287, 1603198388.115293, 1603198392.931928, 1603198397.378443, 1603198401.9945223], "episode_lengths": [1067, 1154, 1009, 1038, 1038, 1067, 1096, 1067, 1067, 980, 1096, 1154, 1067, 1096, 1067, 980, 1096, 1038, 1125, 1067, 1038, 1067, 1009, 1096, 1154, 1125, 1067, 1154, 1096, 1096, 1009, 1009, 1067, 1067, 1038, 1009, 1067, 1067, 1038, 1154, 1038, 1038, 1038, 1096, 1096, 1067, 1096, 1009, 1067, 1183, 1009, 1096, 1183, 1067, 1009, 1096, 1125, 1038, 1154, 1096, 1096, 1009, 1038, 1067, 1038, 1038, 1067, 1096, 1154, 1009, 1067, 1096, 1038, 1096, 1067, 1067, 1067, 1154, 1038, 1067, 1096, 1009, 1096, 1154, 1038, 1067, 1125, 1154, 1125, 1154, 1038, 1154, 1067, 1009, 1009, 1096, 1038, 1096, 1009, 1038], "episode_rewards": [12.0, 8.0, 4.0, 4.0, 8.0, 10.0, 6.0, 12.0, 6.0, -2.0, 8.0, 8.0, 8.0, 4.0, -2.0, 8.0, 6.0, -6.0, 8.0, 8.0, 12.0, 8.0, -2.0, 12.0, 10.0, 2.0, 8.0, 10.0, 12.0, 8.0, 2.0, 14.0, 2.0, 0.0, 8.0, 6.0, 0.0, 2.0, 4.0, 10.0, 10.0, 6.0, 4.0, 14.0, 8.0, 10.0, 0.0, 0.0, 10.0, 12.0, 14.0, 6.0, 4.0, 4.0, 6.0, 8.0, 4.0, 6.0, 6.0, 6.0, 12.0, 6.0, 10.0, 6.0, 6.0, 10.0, 6.0, 6.0, 6.0, 6.0, 2.0, 0.0, 6.0, 2.0, 12.0, 12.0, 8.0, 6.0, 4.0, 4.0, 4.0, -4.0, 6.0, 8.0, 6.0, 8.0, 8.0, 8.0, 12.0, 8.0, 4.0, 8.0, 8.0, 10.0, 0.0, 10.0, 8.0, 8.0, 2.0, 6.0], "episode_types": ["t", "t", "t", "t", "t", "t", "t", "t", "t", "t", "t", "t", "t", "t", "t", "t", "t", "t", "t", "t", "t", "t", "t", "t", "t", "t", "t", "t", "t", "t", "t", "t", "t", "t", "t", "t", "t", "t", "t", "t", "t", "t", "t", "t", "t", "t", "t", "t", "t", "t", "t", "t", "t", "t", "t", "t", "t", "t", "t", "t", "t", "t", "t", "t", "t", "t", "t", "t", "t", "t", "t", "t", "t", "t", "t", "t", "t", "t", "t", "t", "t", "t", "t", "t", "t", "t", "t", "t", "t", "t", "t", "t", "t", "t", "t", "t", "t", "t", "t", "t"]}