{"initial_reset_timestamp": 1603199962.3436532, "timestamps": [1603199972.3327231, 1603199981.1189826, 1603199986.8911479, 1603199993.9519045, 1603200000.6703954, 1603200006.4378731, 1603200012.979451, 1603200019.8739936, 1603200028.1968505, 1603200034.7453604, 1603200041.0601187, 1603200047.5528402, 1603200053.8070185, 1603200060.499426, 1603200066.7584908, 1603200072.7159638, 1603200079.5081894, 1603200085.422175, 1603200092.0302866, 1603200098.6647983, 1603200104.7634008, 1603200112.0182076, 1603200118.1424289, 1603200125.0220714, 1603200131.249077, 1603200137.542258, 1603200143.7020464, 1603200150.9738014, 1603200154.8803792, 1603200159.792977, 1603200164.3137143, 1603200169.001631, 1603200173.2002091, 1603200177.9823356, 1603200182.0189924, 1603200186.6440158, 1603200191.4122822, 1603200196.342938, 1603200201.852497, 1603200206.5376987, 1603200211.424219, 1603200216.189283, 1603200220.2887053, 1603200224.8619971, 1603200229.855904, 1603200235.025599, 1603200239.5793989, 1603200244.3451362, 1603200249.1166751, 1603200254.1083803, 1603200258.5683608, 1603200263.0199487, 1603200268.1699784, 1603200272.9434025, 1603200277.8496044, 1603200283.1697853, 1603200288.2034621, 1603200293.0251145, 1603200298.3662026, 1603200303.8645923, 1603200308.6445746, 1603200313.6834037, 1603200318.263835, 1603200322.4962308, 1603200328.7228158, 1603200333.5188901, 1603200337.8179162, 1603200342.1511984, 1603200346.295077, 1603200351.1614866, 1603200355.8540552, 1603200360.246885, 1603200364.9829726, 1603200369.831413, 1603200374.3251736, 1603200378.9212604, 1603200383.5181623, 1603200387.9876502, 1603200392.5453885, 1603200397.1444142, 1603200401.545368, 1603200406.2475047, 1603200411.1605265, 1603200415.4145634, 1603200420.104521, 1603200425.0502684, 1603200429.275202, 1603200433.865678, 1603200438.5617611, 1603200442.9368825, 1603200447.8303416, 1603200452.5786824, 1603200457.3934667, 1603200462.4592392, 1603200467.543922, 1603200472.9900393, 1603200477.6795878, 1603200482.5466852, 1603200487.5593028, 1603200491.8550172], "episode_lengths": [1386, 1328, 1212, 1415, 1328, 1270, 1386, 1328, 1270, 1415, 1357, 1444, 1357, 1357, 1386, 1299, 1386, 1241, 1328, 1415, 1299, 1444, 1328, 1386, 1357, 1299, 1241, 1270, 1038, 1328, 1270, 1328, 1212, 1386, 1067, 1299, 1241, 1386, 1415, 1270, 1328, 1299, 1125, 1241, 1357, 1415, 1241, 1299, 1299, 1357, 1212, 1183, 1386, 1357, 1415, 1473, 1357, 1299, 1357, 1444, 1299, 1386, 1299, 1183, 1328, 1386, 1241, 1241, 1183, 1386, 1328, 1241, 1270, 1386, 1270, 1328, 1328, 1270, 1299, 1299, 1241, 1328, 1386, 1212, 1357, 1386, 1212, 1328, 1328, 1241, 1357, 1357, 1386, 1444, 1444, 1560, 1328, 1357, 1415, 1212], "episode_rewards": [16.0, 18.0, 14.0, 20.0, 16.0, 16.0, 18.0, 14.0, 16.0, 16.0, 18.0, 16.0, 14.0, 18.0, 16.0, 18.0, 20.0, 12.0, 18.0, 16.0, 18.0, 18.0, 16.0, 20.0, 16.0, 18.0, 8.0, 16.0, 20.0, 20.0, 14.0, 16.0, 10.0, 16.0, 16.0, 18.0, 20.0, 18.0, 16.0, 20.0, 18.0, 14.0, 16.0, 14.0, 20.0, 20.0, 14.0, 18.0, 14.0, 18.0, 14.0, 12.0, 10.0, 14.0, 20.0, 16.0, 18.0, 16.0, 14.0, 10.0, 18.0, 16.0, 20.0, 18.0, 14.0, 16.0, 18.0, 14.0, 14.0, 12.0, 16.0, 18.0, 14.0, 18.0, 16.0, 16.0, 10.0, 12.0, 20.0, 14.0, 14.0, 16.0, 16.0, 16.0, 14.0, 8.0, 18.0, 18.0, 18.0, 16.0, 14.0, 18.0, 16.0, 14.0, 16.0, 16.0, 18.0, 12.0, 12.0, 12.0], "episode_types": ["t", "t", "t", "t", "t", "t", "t", "t", "t", "t", "t", "t", "t", "t", "t", "t", "t", "t", "t", "t", "t", "t", "t", "t", "t", "t", "t", "t", "t", "t", "t", "t", "t", "t", "t", "t", "t", "t", "t", "t", "t", "t", "t", "t", "t", "t", "t", "t", "t", "t", "t", "t", "t", "t", "t", "t", "t", "t", "t", "t", "t", "t", "t", "t", "t", "t", "t", "t", "t", "t", "t", "t", "t", "t", "t", "t", "t", "t", "t", "t", "t", "t", "t", "t", "t", "t", "t", "t", "t", "t", "t", "t", "t", "t", "t", "t", "t", "t", "t", "t"]}