{"initial_reset_timestamp": 1603550783.3320663, "timestamps": [1603550790.3556929, 1603550796.7387292, 1603550800.7629879, 1603550805.969562, 1603550810.6968896, 1603550815.000557, 1603550820.7577977, 1603550825.5122094, 1603550831.693417, 1603550837.3682601, 1603550842.6611576, 1603550846.917008, 1603550852.3220708, 1603550857.7136734, 1603550861.9793706, 1603550866.1667733, 1603550870.6737113, 1603550874.5099661, 1603550879.5447953, 1603550884.6864505, 1603550889.803569, 1603550894.405322, 1603550898.9991298, 1603550903.942127, 1603550908.3527973, 1603550913.9164586, 1603550918.9712682, 1603550925.4824128, 1603550931.0015037, 1603550937.9777682, 1603550942.225759, 1603550946.3731024, 1603550952.2598755, 1603550957.471341, 1603550962.792758, 1603550968.1632855, 1603550972.8721583, 1603550976.7631693, 1603550983.2683415, 1603550987.42623, 1603550992.2984679, 1603550997.4113488, 1603551004.1510835, 1603551009.569715, 1603551014.082472, 1603551018.4390924, 1603551023.2456617, 1603551028.168917, 1603551033.1050851, 1603551037.8597438, 1603551042.55108, 1603551047.6066458, 1603551051.9853055, 1603551056.8325467, 1603551062.6221268, 1603551068.5183604, 1603551073.9894693, 1603551078.6598525, 1603551083.3622894, 1603551088.8999228, 1603551093.8885503, 1603551099.4451826, 1603551104.0641198, 1603551108.4212065, 1603551115.3394718, 1603551120.2416055, 1603551124.5298789, 1603551128.8444972, 1603551133.9332032, 1603551138.650608, 1603551143.16846, 1603551147.9528105, 1603551152.7014487, 1603551157.85867, 1603551162.6400752, 1603551166.945451, 1603551171.2396102, 1603551175.5575867, 1603551180.8986094, 1603551185.706573, 1603551190.2194862, 1603551195.160992, 1603551199.5240731, 1603551205.6213293, 1603551210.7537417, 1603551217.5297942, 1603551223.4185495, 1603551228.586823, 1603551232.9704213, 1603551238.3536198, 1603551243.1274421, 1603551247.6723607, 1603551251.811274, 1603551256.3083649, 1603551261.1638556, 1603551265.7464793, 1603551271.0394373, 1603551278.3942645, 1603551282.461912, 1603551287.3612306], "episode_lengths": [1328, 1328, 1183, 1618, 1444, 1270, 1618, 1386, 1299, 1705, 1589, 1212, 1589, 1589, 1299, 1299, 1386, 1154, 1444, 1502, 1531, 1415, 1415, 1473, 1357, 1705, 1502, 1415, 1705, 2106, 1241, 1183, 1676, 1473, 1618, 1589, 1415, 1183, 1618, 1183, 1328, 1386, 1966, 1618, 1386, 1357, 1473, 1531, 1502, 1473, 1415, 1473, 1299, 1415, 1415, 1473, 1473, 1357, 1270, 1502, 1386, 1647, 1328, 1328, 1502, 1444, 1270, 1328, 1560, 1444, 1357, 1328, 1357, 1444, 1386, 1328, 1328, 1328, 1647, 1473, 1386, 1531, 1328, 1647, 1444, 1676, 1473, 1415, 1183, 1560, 1473, 1386, 1270, 1386, 1502, 1386, 1473, 2193, 1241, 1502], "episode_rewards": [18.0, 14.0, 16.0, 10.0, 10.0, 16.0, 12.0, 14.0, 20.0, 12.0, 8.0, 20.0, 10.0, 14.0, 18.0, 16.0, 16.0, 20.0, 14.0, 14.0, 16.0, 14.0, 14.0, 12.0, 12.0, 12.0, 16.0, 20.0, 14.0, 19.0, 18.0, 18.0, 10.0, 12.0, 14.0, 14.0, 16.0, 20.0, 14.0, 16.0, 16.0, 16.0, 2.0, 10.0, 16.0, 18.0, 8.0, 14.0, 18.0, 16.0, 16.0, 16.0, 16.0, 16.0, 16.0, 18.0, 18.0, 18.0, 18.0, 14.0, 16.0, 10.0, 18.0, 14.0, 14.0, 14.0, 14.0, 18.0, 18.0, 14.0, 16.0, 16.0, 16.0, 14.0, 20.0, 18.0, 18.0, 20.0, 12.0, 14.0, 14.0, 16.0, 14.0, 12.0, 16.0, 12.0, 14.0, 14.0, 20.0, 18.0, 10.0, 16.0, 18.0, 18.0, 20.0, 10.0, 14.0, 19.0, 20.0, 14.0], "episode_types": ["t", "t", "t", "t", "t", "t", "t", "t", "t", "t", "t", "t", "t", "t", "t", "t", "t", "t", "t", "t", "t", "t", "t", "t", "t", "t", "t", "t", "t", "t", "t", "t", "t", "t", "t", "t", "t", "t", "t", "t", "t", "t", "t", "t", "t", "t", "t", "t", "t", "t", "t", "t", "t", "t", "t", "t", "t", "t", "t", "t", "t", "t", "t", "t", "t", "t", "t", "t", "t", "t", "t", "t", "t", "t", "t", "t", "t", "t", "t", "t", "t", "t", "t", "t", "t", "t", "t", "t", "t", "t", "t", "t", "t", "t", "t", "t", "t", "t", "t", "t"]}