{"initial_reset_timestamp": 1603197056.1879761, "timestamps": [1603197061.555662, 1603197065.5471556, 1603197068.0735686, 1603197070.5451717, 1603197072.8445177, 1603197075.3915641, 1603197078.0136907, 1603197080.7909317, 1603197084.7631176, 1603197087.1989415, 1603197089.475605, 1603197091.6477149, 1603197094.32979, 1603197096.6815305, 1603197099.5122318, 1603197101.6367078, 1603197104.3335035, 1603197106.6939692, 1603197109.3163934, 1603197112.0384228, 1603197114.296816, 1603197116.9019082, 1603197119.4440496, 1603197121.7155612, 1603197124.401101, 1603197127.0364158, 1603197129.9764807, 1603197134.0393007, 1603197136.1470728, 1603197138.7041757, 1603197141.1989455, 1603197143.7585685, 1603197146.1549766, 1603197148.3604884, 1603197150.9807315, 1603197153.2983272, 1603197155.5628633, 1603197158.125586, 1603197160.7240183, 1603197163.413492, 1603197166.1450245, 1603197168.8903942, 1603197171.0724666, 1603197173.564231, 1603197176.047923, 1603197178.4152386, 1603197180.769369, 1603197183.202143, 1603197185.5096102, 1603197188.4355316, 1603197190.666025, 1603197193.1366122, 1603197195.4725335, 1603197197.683645, 1603197199.902096, 1603197202.1180613, 1603197204.5952375, 1603197207.1599965, 1603197209.5400932, 1603197212.19172, 1603197215.0091147, 1603197217.5678818, 1603197220.4328933, 1603197223.2729838, 1603197227.4051287, 1603197229.876474, 1603197232.2812967, 1603197235.2196782, 1603197238.1349103, 1603197240.7827735, 1603197243.2753942, 1603197245.693231, 1603197248.592709, 1603197251.2220485, 1603197253.4126267, 1603197255.945162, 1603197258.784631, 1603197261.3968039, 1603197263.8633094, 1603197266.40695, 1603197269.2078252, 1603197272.0764818, 1603197274.687207, 1603197277.4820416, 1603197279.7470922, 1603197282.1554961, 1603197284.5570345, 1603197286.8136005, 1603197289.114594, 1603197291.448158, 1603197293.951246, 1603197295.8759246, 1603197298.3717422, 1603197300.9455543, 1603197303.2431307, 1603197305.535826, 1603197307.7496467, 1603197309.9544191, 1603197312.3376436, 1603197315.2277262], "episode_lengths": [1328, 1328, 1357, 1299, 1328, 1357, 1444, 1589, 1328, 1386, 1299, 1241, 1531, 1357, 1618, 1212, 1560, 1299, 1444, 1473, 1241, 1444, 1415, 1241, 1444, 1386, 1647, 1299, 1154, 1415, 1386, 1415, 1357, 1241, 1473, 1270, 1270, 1415, 1415, 1502, 1473, 1531, 1212, 1415, 1357, 1357, 1328, 1386, 1328, 1676, 1270, 1415, 1328, 1270, 1270, 1270, 1415, 1473, 1357, 1299, 1415, 1415, 1444, 1589, 1328, 1299, 1270, 1444, 1502, 1415, 1386, 1270, 1473, 1473, 1241, 1357, 1473, 1444, 1444, 1386, 1386, 1415, 1473, 1444, 1183, 1299, 1328, 1270, 1212, 1270, 1415, 1096, 1444, 1444, 1328, 1299, 1270, 1241, 1357, 1618], "episode_rewards": [20.0, 20.0, 20.0, 20.0, 20.0, 20.0, 20.0, 20.0, 20.0, 20.0, 20.0, 20.0, 20.0, 20.0, 20.0, 20.0, 20.0, 20.0, 20.0, 20.0, 20.0, 20.0, 20.0, 20.0, 20.0, 20.0, 20.0, 20.0, 20.0, 20.0, 20.0, 20.0, 20.0, 20.0, 20.0, 20.0, 20.0, 20.0, 20.0, 20.0, 20.0, 20.0, 20.0, 20.0, 20.0, 20.0, 20.0, 20.0, 20.0, 20.0, 20.0, 20.0, 20.0, 20.0, 20.0, 20.0, 20.0, 20.0, 20.0, 20.0, 20.0, 20.0, 20.0, 20.0, 20.0, 20.0, 20.0, 20.0, 20.0, 20.0, 20.0, 20.0, 20.0, 20.0, 20.0, 20.0, 20.0, 20.0, 20.0, 20.0, 20.0, 20.0, 20.0, 20.0, 20.0, 20.0, 20.0, 20.0, 20.0, 20.0, 20.0, 20.0, 20.0, 20.0, 20.0, 20.0, 20.0, 20.0, 20.0, 20.0], "episode_types": ["t", "t", "t", "t", "t", "t", "t", "t", "t", "t", "t", "t", "t", "t", "t", "t", "t", "t", "t", "t", "t", "t", "t", "t", "t", "t", "t", "t", "t", "t", "t", "t", "t", "t", "t", "t", "t", "t", "t", "t", "t", "t", "t", "t", "t", "t", "t", "t", "t", "t", "t", "t", "t", "t", "t", "t", "t", "t", "t", "t", "t", "t", "t", "t", "t", "t", "t", "t", "t", "t", "t", "t", "t", "t", "t", "t", "t", "t", "t", "t", "t", "t", "t", "t", "t", "t", "t", "t", "t", "t", "t", "t", "t", "t", "t", "t", "t", "t", "t", "t"]}