{"initial_reset_timestamp": 1603549170.571704, "timestamps": [1603549204.195549, 1603549227.570818, 1603549241.6941922, 1603549251.4758284, 1603549271.661909, 1603549289.6499536, 1603549300.3193383, 1603549306.9281514, 1603549336.380768, 1603549356.2707067, 1603549369.568654, 1603549384.449484, 1603549399.3792126, 1603549419.1200414, 1603549429.4255216, 1603549445.2971141, 1603549458.1074328, 1603549471.1688967, 1603549486.2757082, 1603549496.8009586, 1603549511.7121856, 1603549531.2124224, 1603549543.2091737, 1603549561.3537176, 1603549570.7106974, 1603549583.6711724, 1603549604.9597445, 1603549627.15632, 1603549638.54637, 1603549645.8805983, 1603549664.5963147, 1603549671.2062662, 1603549680.4655616, 1603549688.5726862, 1603549697.9691586, 1603549710.2638261, 1603549722.6943178, 1603549735.3762038, 1603549746.7029734, 1603549759.5289037, 1603549779.0689197, 1603549793.697347, 1603549802.4713109, 1603549813.7101316, 1603549824.0208938, 1603549844.2830532, 1603549857.6228945, 1603549868.4111767, 1603549878.6770682, 1603549897.854123, 1603549911.4511883, 1603549920.3029807, 1603549932.6758366, 1603549943.1036742, 1603549956.613396, 1603549963.118727, 1603549974.845245, 1603549997.9178255, 1603550009.4340777, 1603550029.7828877, 1603550044.3422856, 1603550062.9269297, 1603550073.5971196, 1603550094.5005286, 1603550112.6366673, 1603550126.2950253, 1603550158.961813, 1603550170.5307577, 1603550182.1018806, 1603550197.941178, 1603550215.6496382, 1603550240.2735868, 1603550260.551572, 1603550276.4069707, 1603550288.208257, 1603550298.003298, 1603550315.340714, 1603550324.7656472, 1603550334.4088006, 1603550349.7454598, 1603550369.8130162, 1603550382.4264512, 1603550394.248602, 1603550406.2687876, 1603550424.876074, 1603550439.1045928, 1603550449.4031157, 1603550457.2562404, 1603550468.9641328, 1603550480.9409316, 1603550500.821885, 1603550514.3243551, 1603550534.1885417, 1603550555.722827, 1603550570.8526452, 1603550584.999951, 1603550595.141824, 1603550616.1790562, 1603550629.2577817, 1603550650.315501], "episode_lengths": [4996, 4822, 4102, 2836, 5808, 5315, 3155, 1879, 6185, 5832, 3899, 4305, 4363, 5687, 2889, 4450, 3812, 3614, 4015, 2952, 4102, 5112, 3179, 4822, 2691, 3875, 6412, 4677, 3382, 2169, 5692, 1908, 2807, 2488, 2802, 3701, 3701, 3817, 3382, 3875, 5919, 4252, 2604, 3324, 3034, 5890, 3875, 3208, 3121, 5750, 4078, 2517, 3730, 3034, 4020, 1908, 3527, 6528, 3237, 5083, 4073, 5112, 3005, 6267, 3730, 3730, 7852, 3237, 3005, 4015, 4600, 6523, 5054, 4102, 3005, 2691, 4160, 2401, 2541, 4015, 5842, 3179, 3068, 3324, 4938, 4165, 3063, 2372, 3150, 3440, 4938, 3498, 5344, 5919, 4479, 3643, 2981, 5291, 3353, 5141], "episode_rewards": [17.0, 15.0, 16.0, 18.0, 17.0, 15.0, 18.0, 18.0, 15.0, 16.0, 16.0, 18.0, 14.0, 14.0, 19.0, 16.0, 18.0, 17.0, 16.0, 18.0, 18.0, 15.0, 17.0, 13.0, 20.0, 17.0, 14.0, 11.0, 19.0, 18.0, 11.0, 14.0, 20.0, 20.0, 17.0, 17.0, 19.0, 15.0, 15.0, 17.0, 14.0, 17.0, 20.0, 13.0, 17.0, 16.0, 19.0, 15.0, 17.0, 17.0, 19.0, 20.0, 19.0, 19.0, 19.0, 20.0, 13.0, 14.0, 17.0, 15.0, 14.0, 17.0, 17.0, 14.0, 17.0, 19.0, 12.0, 17.0, 13.0, 16.0, 19.0, 15.0, 15.0, 14.0, 15.0, 20.0, 14.0, 20.0, 15.0, 14.0, 16.0, 19.0, 20.0, 19.0, 17.0, 17.0, 15.0, 16.0, 19.0, 13.0, 17.0, 17.0, 13.0, 10.0, 18.0, 15.0, 16.0, 18.0, 19.0, 15.0], "episode_types": ["t", "t", "t", "t", "t", "t", "t", "t", "t", "t", "t", "t", "t", "t", "t", "t", "t", "t", "t", "t", "t", "t", "t", "t", "t", "t", "t", "t", "t", "t", "t", "t", "t", "t", "t", "t", "t", "t", "t", "t", "t", "t", "t", "t", "t", "t", "t", "t", "t", "t", "t", "t", "t", "t", "t", "t", "t", "t", "t", "t", "t", "t", "t", "t", "t", "t", "t", "t", "t", "t", "t", "t", "t", "t", "t", "t", "t", "t", "t", "t", "t", "t", "t", "t", "t", "t", "t", "t", "t", "t", "t", "t", "t", "t", "t", "t", "t", "t", "t", "t"]}